{
  "input_name": "input",
  "calibration_samples": 200,
  "timing_num_samples": 200,
  "timing_num_warmup_runs": 10,
  "batch_size_eval": 1,
  "variants": {
    "fp32_baseline": {
      "model_path": "artifacts/onnx/lenet_mnist_fp32_quantready.onnx",
      "file_bytes": 249343,
      "num_test_samples": 10000,
      "accuracy": 0.9852,
      "performance": {
        "num_runs": 200,
        "num_samples": 200,
        "mean_latency_ms": 0.03134699538350105,
        "median_latency_ms": 0.030842609703540802,
        "p95_latency_ms": 0.034474860876798616,
        "throughput_samples_per_sec": 31900.984058150996
      }
    },
    "int8_dynamic": {
      "model_path": "artifacts/onnx/lenet_mnist_int8_dynamic.onnx",
      "file_bytes": 72103,
      "num_test_samples": 10000,
      "accuracy": 0.9855,
      "performance": {
        "num_runs": 200,
        "num_samples": 200,
        "mean_latency_ms": 0.06916403770446777,
        "median_latency_ms": 0.06845593452453613,
        "p95_latency_ms": 0.07393443956971167,
        "throughput_samples_per_sec": 14458.380875230529
      }
    },
    "int8_static": {
      "model_path": "artifacts/onnx/lenet_mnist_int8_static.onnx",
      "file_bytes": 70369,
      "num_test_samples": 10000,
      "accuracy": 0.9851,
      "performance": {
        "num_runs": 200,
        "num_samples": 200,
        "mean_latency_ms": 0.06344874389469624,
        "median_latency_ms": 0.06347987800836563,
        "p95_latency_ms": 0.06510475650429726,
        "throughput_samples_per_sec": 15760.7533044258
      }
    }
  },
  "summary": {
    "fp32_to_dynamic_size_ratio": 3.458150146318461,
    "fp32_to_static_size_ratio": 3.5433642655146445,
    "fp32_to_dynamic_mean_speedup": 0.45322679854875125,
    "fp32_to_static_mean_speedup": 0.49405226107433453,
    "accuracy_drop_dynamic": -0.000300000000000078,
    "accuracy_drop_static": 9.999999999998899e-05
  }
}